pci,pci2,sci,sci2,tropo,life
PC_s1.png,PC_s4.png,SC_s1.png,SC_s4.png,17.1.png,21.1.png
PC_s2.png,PC_s5.png,SC_s2.png,SC_s5.png,17.2.png,21.2.png
PC_s3.png,,SC_s3.png,,17.3.png,21.3.png
PC_s4.png,,SC_s4.png,,17.4.png,21.4.png
PC_s5.png,,SC_s5.png,,17.5.png,21.5.png
,,,,17.6.png,21.6.png
,,,,17.7.png,21.7.png
,,,,17.8.png,21.8.png
,,,,17.9.png,21.9.png
,,,,17.10.png,21.10.png
,,,,17.11.png,21.11.png
,,,,17.12.png,21.12.png
,,,,17.13.png,21.13.png
,,,,17.14.png,21.14.png
,,,,17.15.png,21.15.png
,,,,17.16.png,21.16.png
,,,,17.17.png,21.17.png
